,address,price,beds,baths,size,city,state,zipcode
0,6220 Bentwood Trl APT 206,175000,1,2,807, Dallas,TX,75252
1,2827 Curvilinear Ct,245000,4,2,2200, Dallas,TX,75227
2,132 W Woodin Blvd,275000,4,2,1800, Dallas,TX,75224
3,7311 Hardwood Trl,209900,3,2,1902, Dallas,TX,75249
4,3609 Patience Blvd,324990,4,2,2067, Dallas,TX,75236
5,2812 Alden Ave,375000,3,1,1757, Dallas,TX,75211
6,1728 W Red Bird Ln,395000,4,3,2582, Dallas,TX,75232
7,1337 Kingsley Dr,181900,3,2,1262, Dallas,TX,75216
8,13536 Vida Ln,210000,3,2,1441, Dallas,TX,75253
9,1402 Seevers Ave,389000,3,2,2101, Dallas,TX,75216
10,7036 Winchester St,475000,3,2,2089, Dallas,TX,75231
11,12618 Trenton Dr,375000,4,3,2463, Dallas,TX,75243
12,1415 Reynoldston Ln,187434,3,2,1602, Dallas,TX,75232
13,12710 Cove Dr,502985,4,4,3238, La Marque,TX,77568
14,2720 E Atoll Dr,225000,5,2,2500, Dallas,TX,75216
15,9835 Whistler Dr,275000,4,3,2482, Dallas,TX,75217
16,1627 Wilbur St,325000,3,2,1820, Dallas,TX,75224
17,1920 Oak Hill Cir,178374,4,2,1302, Dallas,TX,75217
18,10548 Wyatt St,499999,4,3,2522, Dallas,TX,75218
19,3408 Hammerly Dr,384900,3,3,2000, Dallas,TX,75212
20,10525 Channel Dr,299000,4,2,2151, Dallas,TX,75229
21,8648 Forest Hills Blvd,650000,3,3,1712, Dallas,TX,75218
22,6015 Sunny Crest Ln,180000,4,3,1578, Dallas,TX,75241
23,3531 Burlingdell Ave,319000,4,2,1720, Dallas,TX,75211
24,10211 Carry Back Cir,485000,3,3,2042, Dallas,TX,75229
25,3722 Ingersoll St,299900,4,2,1608, Dallas,TX,75212
26,11232 Lanewood Cir,435000,3,2,1653, Dallas,TX,75218
27,9747 E Lake Highlands Dr,395000,3,2,1500, Dallas,TX,75218
28,4242 Buena Vista St APT 17,240000,1,2,869, Dallas,TX,75205
29,7616 Texridge Dr,209000,3,2,1478, Dallas,TX,75232
30,1530 S Montreal Ave,327900,2,2,1122, Dallas,TX,75208
31,6926 Vivian Ave,549900,2,2,1444, Dallas,TX,75223
32,4444 Valley Ridge Rd,24000000,9,19,20000, Dallas,TX,75220
33,2427 Catherine St,329500,2,2,1322, Dallas,TX,75211
34,6882 Avalon Ave,829500,3,2,1804, Dallas,TX,75214
35,5505 Ellsworth Ave,729000,4,5,2811, Dallas,TX,75206
36,10619 Lakemere Dr,499900,3,2,1647, Dallas,TX,75238
37,818 Cordova St,650000,3,2,1814, Dallas,TX,75223
38,11727 Welch Rd,699000,3,3,2491, Dallas,TX,75229
39,4610 W Amherst Ave,1650000,5,6,4403, Dallas,TX,75209
40,6220 Bentwood Trl APT 206,175000,1,2,807, Dallas,TX,75252
41,2827 Curvilinear Ct,245000,4,2,2200, Dallas,TX,75227
42,132 W Woodin Blvd,275000,4,2,1800, Dallas,TX,75224
43,7311 Hardwood Trl,209900,3,2,1902, Dallas,TX,75249
44,3609 Patience Blvd,324990,4,2,2067, Dallas,TX,75236
45,2812 Alden Ave,375000,3,1,1757, Dallas,TX,75211
46,1728 W Red Bird Ln,395000,4,3,2582, Dallas,TX,75232
47,1337 Kingsley Dr,181900,3,2,1262, Dallas,TX,75216
48,13536 Vida Ln,210000,3,2,1441, Dallas,TX,75253
49,1402 Seevers Ave,389000,3,2,2101, Dallas,TX,75216
50,7036 Winchester St,475000,3,2,2089, Dallas,TX,75231
51,12618 Trenton Dr,375000,4,3,2463, Dallas,TX,75243
52,1415 Reynoldston Ln,187434,3,2,1602, Dallas,TX,75232
53,12710 Cove Dr,502985,4,4,3238, La Marque,TX,77568
54,2720 E Atoll Dr,225000,5,2,2500, Dallas,TX,75216
55,9835 Whistler Dr,275000,4,3,2482, Dallas,TX,75217
56,1627 Wilbur St,325000,3,2,1820, Dallas,TX,75224
57,1920 Oak Hill Cir,178374,4,2,1302, Dallas,TX,75217
58,10548 Wyatt St,499999,4,3,2522, Dallas,TX,75218
59,3408 Hammerly Dr,384900,3,3,2000, Dallas,TX,75212
60,10525 Channel Dr,299000,4,2,2151, Dallas,TX,75229
61,8648 Forest Hills Blvd,650000,3,3,1712, Dallas,TX,75218
62,6015 Sunny Crest Ln,180000,4,3,1578, Dallas,TX,75241
63,3531 Burlingdell Ave,319000,4,2,1720, Dallas,TX,75211
64,10211 Carry Back Cir,485000,3,3,2042, Dallas,TX,75229
65,3722 Ingersoll St,299900,4,2,1608, Dallas,TX,75212
66,11232 Lanewood Cir,435000,3,2,1653, Dallas,TX,75218
67,9747 E Lake Highlands Dr,395000,3,2,1500, Dallas,TX,75218
68,4242 Buena Vista St APT 17,240000,1,2,869, Dallas,TX,75205
69,7616 Texridge Dr,209000,3,2,1478, Dallas,TX,75232
70,1530 S Montreal Ave,327900,2,2,1122, Dallas,TX,75208
71,6926 Vivian Ave,549900,2,2,1444, Dallas,TX,75223
72,4444 Valley Ridge Rd,24000000,9,19,20000, Dallas,TX,75220
73,2427 Catherine St,329500,2,2,1322, Dallas,TX,75211
74,6882 Avalon Ave,829500,3,2,1804, Dallas,TX,75214
75,5505 Ellsworth Ave,729000,4,5,2811, Dallas,TX,75206
76,10619 Lakemere Dr,499900,3,2,1647, Dallas,TX,75238
77,818 Cordova St,650000,3,2,1814, Dallas,TX,75223
78,11727 Welch Rd,699000,3,3,2491, Dallas,TX,75229
79,4610 W Amherst Ave,1650000,5,6,4403, Dallas,TX,75209
80,6220 Bentwood Trl APT 206,175000,1,2,807, Dallas,TX,75252
81,2827 Curvilinear Ct,245000,4,2,2200, Dallas,TX,75227
82,132 W Woodin Blvd,275000,4,2,1800, Dallas,TX,75224
83,7311 Hardwood Trl,209900,3,2,1902, Dallas,TX,75249
84,3609 Patience Blvd,324990,4,2,2067, Dallas,TX,75236
85,2812 Alden Ave,375000,3,1,1757, Dallas,TX,75211
86,1728 W Red Bird Ln,395000,4,3,2582, Dallas,TX,75232
87,1337 Kingsley Dr,181900,3,2,1262, Dallas,TX,75216
88,13536 Vida Ln,210000,3,2,1441, Dallas,TX,75253
89,1402 Seevers Ave,389000,3,2,2101, Dallas,TX,75216
90,7036 Winchester St,475000,3,2,2089, Dallas,TX,75231
91,12618 Trenton Dr,375000,4,3,2463, Dallas,TX,75243
92,1415 Reynoldston Ln,187434,3,2,1602, Dallas,TX,75232
93,12710 Cove Dr,502985,4,4,3238, La Marque,TX,77568
94,2720 E Atoll Dr,225000,5,2,2500, Dallas,TX,75216
95,9835 Whistler Dr,275000,4,3,2482, Dallas,TX,75217
96,1627 Wilbur St,325000,3,2,1820, Dallas,TX,75224
97,1920 Oak Hill Cir,178374,4,2,1302, Dallas,TX,75217
98,10548 Wyatt St,499999,4,3,2522, Dallas,TX,75218
99,3408 Hammerly Dr,384900,3,3,2000, Dallas,TX,75212
100,10525 Channel Dr,299000,4,2,2151, Dallas,TX,75229
101,8648 Forest Hills Blvd,650000,3,3,1712, Dallas,TX,75218
102,6015 Sunny Crest Ln,180000,4,3,1578, Dallas,TX,75241
103,3531 Burlingdell Ave,319000,4,2,1720, Dallas,TX,75211
104,10211 Carry Back Cir,485000,3,3,2042, Dallas,TX,75229
105,3722 Ingersoll St,299900,4,2,1608, Dallas,TX,75212
106,11232 Lanewood Cir,435000,3,2,1653, Dallas,TX,75218
107,9747 E Lake Highlands Dr,395000,3,2,1500, Dallas,TX,75218
108,4242 Buena Vista St APT 17,240000,1,2,869, Dallas,TX,75205
109,7616 Texridge Dr,209000,3,2,1478, Dallas,TX,75232
110,1530 S Montreal Ave,327900,2,2,1122, Dallas,TX,75208
111,6926 Vivian Ave,549900,2,2,1444, Dallas,TX,75223
112,4444 Valley Ridge Rd,24000000,9,19,20000, Dallas,TX,75220
113,2427 Catherine St,329500,2,2,1322, Dallas,TX,75211
114,6882 Avalon Ave,829500,3,2,1804, Dallas,TX,75214
115,5505 Ellsworth Ave,729000,4,5,2811, Dallas,TX,75206
116,10619 Lakemere Dr,499900,3,2,1647, Dallas,TX,75238
117,818 Cordova St,650000,3,2,1814, Dallas,TX,75223
118,11727 Welch Rd,699000,3,3,2491, Dallas,TX,75229
119,4610 W Amherst Ave,1650000,5,6,4403, Dallas,TX,75209
120,6220 Bentwood Trl APT 206,175000,1,2,807, Dallas,TX,75252
121,2827 Curvilinear Ct,245000,4,2,2200, Dallas,TX,75227
122,132 W Woodin Blvd,275000,4,2,1800, Dallas,TX,75224
123,7311 Hardwood Trl,209900,3,2,1902, Dallas,TX,75249
124,3609 Patience Blvd,324990,4,2,2067, Dallas,TX,75236
125,2812 Alden Ave,375000,3,1,1757, Dallas,TX,75211
126,1728 W Red Bird Ln,395000,4,3,2582, Dallas,TX,75232
127,1337 Kingsley Dr,181900,3,2,1262, Dallas,TX,75216
128,13536 Vida Ln,210000,3,2,1441, Dallas,TX,75253
129,1402 Seevers Ave,389000,3,2,2101, Dallas,TX,75216
130,7036 Winchester St,475000,3,2,2089, Dallas,TX,75231
131,12618 Trenton Dr,375000,4,3,2463, Dallas,TX,75243
132,1415 Reynoldston Ln,187434,3,2,1602, Dallas,TX,75232
133,12710 Cove Dr,502985,4,4,3238, La Marque,TX,77568
134,2720 E Atoll Dr,225000,5,2,2500, Dallas,TX,75216
135,9835 Whistler Dr,275000,4,3,2482, Dallas,TX,75217
136,1627 Wilbur St,325000,3,2,1820, Dallas,TX,75224
137,1920 Oak Hill Cir,178374,4,2,1302, Dallas,TX,75217
138,10548 Wyatt St,499999,4,3,2522, Dallas,TX,75218
139,3408 Hammerly Dr,384900,3,3,2000, Dallas,TX,75212
140,10525 Channel Dr,299000,4,2,2151, Dallas,TX,75229
141,8648 Forest Hills Blvd,650000,3,3,1712, Dallas,TX,75218
142,6015 Sunny Crest Ln,180000,4,3,1578, Dallas,TX,75241
143,3531 Burlingdell Ave,319000,4,2,1720, Dallas,TX,75211
144,10211 Carry Back Cir,485000,3,3,2042, Dallas,TX,75229
145,3722 Ingersoll St,299900,4,2,1608, Dallas,TX,75212
146,11232 Lanewood Cir,435000,3,2,1653, Dallas,TX,75218
147,9747 E Lake Highlands Dr,395000,3,2,1500, Dallas,TX,75218
148,4242 Buena Vista St APT 17,240000,1,2,869, Dallas,TX,75205
149,7616 Texridge Dr,209000,3,2,1478, Dallas,TX,75232
150,1530 S Montreal Ave,327900,2,2,1122, Dallas,TX,75208
151,6926 Vivian Ave,549900,2,2,1444, Dallas,TX,75223
152,4444 Valley Ridge Rd,24000000,9,19,20000, Dallas,TX,75220
153,2427 Catherine St,329500,2,2,1322, Dallas,TX,75211
154,6882 Avalon Ave,829500,3,2,1804, Dallas,TX,75214
155,5505 Ellsworth Ave,729000,4,5,2811, Dallas,TX,75206
156,10619 Lakemere Dr,499900,3,2,1647, Dallas,TX,75238
157,818 Cordova St,650000,3,2,1814, Dallas,TX,75223
158,11727 Welch Rd,699000,3,3,2491, Dallas,TX,75229
159,4610 W Amherst Ave,1650000,5,6,4403, Dallas,TX,75209
160,6220 Bentwood Trl APT 206,175000,1,2,807, Dallas,TX,75252
161,2827 Curvilinear Ct,245000,4,2,2200, Dallas,TX,75227
162,132 W Woodin Blvd,275000,4,2,1800, Dallas,TX,75224
163,7311 Hardwood Trl,209900,3,2,1902, Dallas,TX,75249
164,3609 Patience Blvd,324990,4,2,2067, Dallas,TX,75236
165,2812 Alden Ave,375000,3,1,1757, Dallas,TX,75211
166,1728 W Red Bird Ln,395000,4,3,2582, Dallas,TX,75232
167,1337 Kingsley Dr,181900,3,2,1262, Dallas,TX,75216
168,13536 Vida Ln,210000,3,2,1441, Dallas,TX,75253
169,1402 Seevers Ave,389000,3,2,2101, Dallas,TX,75216
170,7036 Winchester St,475000,3,2,2089, Dallas,TX,75231
171,12618 Trenton Dr,375000,4,3,2463, Dallas,TX,75243
172,1415 Reynoldston Ln,187434,3,2,1602, Dallas,TX,75232
173,12710 Cove Dr,502985,4,4,3238, La Marque,TX,77568
174,2720 E Atoll Dr,225000,5,2,2500, Dallas,TX,75216
175,9835 Whistler Dr,275000,4,3,2482, Dallas,TX,75217
176,1627 Wilbur St,325000,3,2,1820, Dallas,TX,75224
177,1920 Oak Hill Cir,178374,4,2,1302, Dallas,TX,75217
178,10548 Wyatt St,499999,4,3,2522, Dallas,TX,75218
179,3408 Hammerly Dr,384900,3,3,2000, Dallas,TX,75212
180,10525 Channel Dr,299000,4,2,2151, Dallas,TX,75229
181,8648 Forest Hills Blvd,650000,3,3,1712, Dallas,TX,75218
182,6015 Sunny Crest Ln,180000,4,3,1578, Dallas,TX,75241
183,3531 Burlingdell Ave,319000,4,2,1720, Dallas,TX,75211
184,10211 Carry Back Cir,485000,3,3,2042, Dallas,TX,75229
185,3722 Ingersoll St,299900,4,2,1608, Dallas,TX,75212
186,11232 Lanewood Cir,435000,3,2,1653, Dallas,TX,75218
187,9747 E Lake Highlands Dr,395000,3,2,1500, Dallas,TX,75218
188,4242 Buena Vista St APT 17,240000,1,2,869, Dallas,TX,75205
189,7616 Texridge Dr,209000,3,2,1478, Dallas,TX,75232
190,1530 S Montreal Ave,327900,2,2,1122, Dallas,TX,75208
191,6926 Vivian Ave,549900,2,2,1444, Dallas,TX,75223
192,4444 Valley Ridge Rd,24000000,9,19,20000, Dallas,TX,75220
193,2427 Catherine St,329500,2,2,1322, Dallas,TX,75211
194,6882 Avalon Ave,829500,3,2,1804, Dallas,TX,75214
195,5505 Ellsworth Ave,729000,4,5,2811, Dallas,TX,75206
196,10619 Lakemere Dr,499900,3,2,1647, Dallas,TX,75238
197,818 Cordova St,650000,3,2,1814, Dallas,TX,75223
198,11727 Welch Rd,699000,3,3,2491, Dallas,TX,75229
199,4610 W Amherst Ave,1650000,5,6,4403, Dallas,TX,75209
200,6220 Bentwood Trl APT 206,175000,1,2,807, Dallas,TX,75252
201,2827 Curvilinear Ct,245000,4,2,2200, Dallas,TX,75227
202,132 W Woodin Blvd,275000,4,2,1800, Dallas,TX,75224
203,7311 Hardwood Trl,209900,3,2,1902, Dallas,TX,75249
204,3609 Patience Blvd,324990,4,2,2067, Dallas,TX,75236
205,2812 Alden Ave,375000,3,1,1757, Dallas,TX,75211
206,1728 W Red Bird Ln,395000,4,3,2582, Dallas,TX,75232
207,1337 Kingsley Dr,181900,3,2,1262, Dallas,TX,75216
208,13536 Vida Ln,210000,3,2,1441, Dallas,TX,75253
209,1402 Seevers Ave,389000,3,2,2101, Dallas,TX,75216
210,7036 Winchester St,475000,3,2,2089, Dallas,TX,75231
211,12618 Trenton Dr,375000,4,3,2463, Dallas,TX,75243
212,1415 Reynoldston Ln,187434,3,2,1602, Dallas,TX,75232
213,12710 Cove Dr,502985,4,4,3238, La Marque,TX,77568
214,2720 E Atoll Dr,225000,5,2,2500, Dallas,TX,75216
215,9835 Whistler Dr,275000,4,3,2482, Dallas,TX,75217
216,1627 Wilbur St,325000,3,2,1820, Dallas,TX,75224
217,1920 Oak Hill Cir,178374,4,2,1302, Dallas,TX,75217
218,10548 Wyatt St,499999,4,3,2522, Dallas,TX,75218
219,3408 Hammerly Dr,384900,3,3,2000, Dallas,TX,75212
220,10525 Channel Dr,299000,4,2,2151, Dallas,TX,75229
221,8648 Forest Hills Blvd,650000,3,3,1712, Dallas,TX,75218
222,6015 Sunny Crest Ln,180000,4,3,1578, Dallas,TX,75241
223,3531 Burlingdell Ave,319000,4,2,1720, Dallas,TX,75211
224,10211 Carry Back Cir,485000,3,3,2042, Dallas,TX,75229
225,3722 Ingersoll St,299900,4,2,1608, Dallas,TX,75212
226,11232 Lanewood Cir,435000,3,2,1653, Dallas,TX,75218
227,9747 E Lake Highlands Dr,395000,3,2,1500, Dallas,TX,75218
228,4242 Buena Vista St APT 17,240000,1,2,869, Dallas,TX,75205
229,7616 Texridge Dr,209000,3,2,1478, Dallas,TX,75232
230,1530 S Montreal Ave,327900,2,2,1122, Dallas,TX,75208
231,6926 Vivian Ave,549900,2,2,1444, Dallas,TX,75223
232,4444 Valley Ridge Rd,24000000,9,19,20000, Dallas,TX,75220
233,2427 Catherine St,329500,2,2,1322, Dallas,TX,75211
234,6882 Avalon Ave,829500,3,2,1804, Dallas,TX,75214
235,5505 Ellsworth Ave,729000,4,5,2811, Dallas,TX,75206
236,10619 Lakemere Dr,499900,3,2,1647, Dallas,TX,75238
237,818 Cordova St,650000,3,2,1814, Dallas,TX,75223
238,11727 Welch Rd,699000,3,3,2491, Dallas,TX,75229
239,4610 W Amherst Ave,1650000,5,6,4403, Dallas,TX,75209
240,6220 Bentwood Trl APT 206,175000,1,2,807, Dallas,TX,75252
241,2827 Curvilinear Ct,245000,4,2,2200, Dallas,TX,75227
242,132 W Woodin Blvd,275000,4,2,1800, Dallas,TX,75224
243,7311 Hardwood Trl,209900,3,2,1902, Dallas,TX,75249
244,3609 Patience Blvd,324990,4,2,2067, Dallas,TX,75236
245,2812 Alden Ave,375000,3,1,1757, Dallas,TX,75211
246,1728 W Red Bird Ln,395000,4,3,2582, Dallas,TX,75232
247,1337 Kingsley Dr,181900,3,2,1262, Dallas,TX,75216
248,13536 Vida Ln,210000,3,2,1441, Dallas,TX,75253
249,1402 Seevers Ave,389000,3,2,2101, Dallas,TX,75216
250,7036 Winchester St,475000,3,2,2089, Dallas,TX,75231
251,12618 Trenton Dr,375000,4,3,2463, Dallas,TX,75243
252,1415 Reynoldston Ln,187434,3,2,1602, Dallas,TX,75232
253,12710 Cove Dr,502985,4,4,3238, La Marque,TX,77568
254,2720 E Atoll Dr,225000,5,2,2500, Dallas,TX,75216
255,9835 Whistler Dr,275000,4,3,2482, Dallas,TX,75217
256,1627 Wilbur St,325000,3,2,1820, Dallas,TX,75224
257,1920 Oak Hill Cir,178374,4,2,1302, Dallas,TX,75217
258,10548 Wyatt St,499999,4,3,2522, Dallas,TX,75218
259,3408 Hammerly Dr,384900,3,3,2000, Dallas,TX,75212
260,10525 Channel Dr,299000,4,2,2151, Dallas,TX,75229
261,8648 Forest Hills Blvd,650000,3,3,1712, Dallas,TX,75218
262,6015 Sunny Crest Ln,180000,4,3,1578, Dallas,TX,75241
263,3531 Burlingdell Ave,319000,4,2,1720, Dallas,TX,75211
264,10211 Carry Back Cir,485000,3,3,2042, Dallas,TX,75229
265,3722 Ingersoll St,299900,4,2,1608, Dallas,TX,75212
266,11232 Lanewood Cir,435000,3,2,1653, Dallas,TX,75218
267,9747 E Lake Highlands Dr,395000,3,2,1500, Dallas,TX,75218
268,4242 Buena Vista St APT 17,240000,1,2,869, Dallas,TX,75205
269,7616 Texridge Dr,209000,3,2,1478, Dallas,TX,75232
270,1530 S Montreal Ave,327900,2,2,1122, Dallas,TX,75208
271,6926 Vivian Ave,549900,2,2,1444, Dallas,TX,75223
272,4444 Valley Ridge Rd,24000000,9,19,20000, Dallas,TX,75220
273,2427 Catherine St,329500,2,2,1322, Dallas,TX,75211
274,6882 Avalon Ave,829500,3,2,1804, Dallas,TX,75214
275,5505 Ellsworth Ave,729000,4,5,2811, Dallas,TX,75206
276,10619 Lakemere Dr,499900,3,2,1647, Dallas,TX,75238
277,818 Cordova St,650000,3,2,1814, Dallas,TX,75223
278,11727 Welch Rd,699000,3,3,2491, Dallas,TX,75229
279,4610 W Amherst Ave,1650000,5,6,4403, Dallas,TX,75209
280,6220 Bentwood Trl APT 206,175000,1,2,807, Dallas,TX,75252
281,2827 Curvilinear Ct,245000,4,2,2200, Dallas,TX,75227
282,132 W Woodin Blvd,275000,4,2,1800, Dallas,TX,75224
283,7311 Hardwood Trl,209900,3,2,1902, Dallas,TX,75249
284,3609 Patience Blvd,324990,4,2,2067, Dallas,TX,75236
285,2812 Alden Ave,375000,3,1,1757, Dallas,TX,75211
286,1728 W Red Bird Ln,395000,4,3,2582, Dallas,TX,75232
287,1337 Kingsley Dr,181900,3,2,1262, Dallas,TX,75216
288,13536 Vida Ln,210000,3,2,1441, Dallas,TX,75253
289,1402 Seevers Ave,389000,3,2,2101, Dallas,TX,75216
290,7036 Winchester St,475000,3,2,2089, Dallas,TX,75231
291,12618 Trenton Dr,375000,4,3,2463, Dallas,TX,75243
292,1415 Reynoldston Ln,187434,3,2,1602, Dallas,TX,75232
293,12710 Cove Dr,502985,4,4,3238, La Marque,TX,77568
294,2720 E Atoll Dr,225000,5,2,2500, Dallas,TX,75216
295,9835 Whistler Dr,275000,4,3,2482, Dallas,TX,75217
296,1627 Wilbur St,325000,3,2,1820, Dallas,TX,75224
297,1920 Oak Hill Cir,178374,4,2,1302, Dallas,TX,75217
298,10548 Wyatt St,499999,4,3,2522, Dallas,TX,75218
299,3408 Hammerly Dr,384900,3,3,2000, Dallas,TX,75212
300,10525 Channel Dr,299000,4,2,2151, Dallas,TX,75229
301,8648 Forest Hills Blvd,650000,3,3,1712, Dallas,TX,75218
302,6015 Sunny Crest Ln,180000,4,3,1578, Dallas,TX,75241
303,3531 Burlingdell Ave,319000,4,2,1720, Dallas,TX,75211
304,10211 Carry Back Cir,485000,3,3,2042, Dallas,TX,75229
305,3722 Ingersoll St,299900,4,2,1608, Dallas,TX,75212
306,11232 Lanewood Cir,435000,3,2,1653, Dallas,TX,75218
307,9747 E Lake Highlands Dr,395000,3,2,1500, Dallas,TX,75218
308,4242 Buena Vista St APT 17,240000,1,2,869, Dallas,TX,75205
309,7616 Texridge Dr,209000,3,2,1478, Dallas,TX,75232
310,1530 S Montreal Ave,327900,2,2,1122, Dallas,TX,75208
311,6926 Vivian Ave,549900,2,2,1444, Dallas,TX,75223
312,4444 Valley Ridge Rd,24000000,9,19,20000, Dallas,TX,75220
313,2427 Catherine St,329500,2,2,1322, Dallas,TX,75211
314,6882 Avalon Ave,829500,3,2,1804, Dallas,TX,75214
315,5505 Ellsworth Ave,729000,4,5,2811, Dallas,TX,75206
316,10619 Lakemere Dr,499900,3,2,1647, Dallas,TX,75238
317,818 Cordova St,650000,3,2,1814, Dallas,TX,75223
318,11727 Welch Rd,699000,3,3,2491, Dallas,TX,75229
319,4610 W Amherst Ave,1650000,5,6,4403, Dallas,TX,75209
320,6220 Bentwood Trl APT 206,175000,1,2,807, Dallas,TX,75252
321,2827 Curvilinear Ct,245000,4,2,2200, Dallas,TX,75227
322,132 W Woodin Blvd,275000,4,2,1800, Dallas,TX,75224
323,7311 Hardwood Trl,209900,3,2,1902, Dallas,TX,75249
324,3609 Patience Blvd,324990,4,2,2067, Dallas,TX,75236
325,2812 Alden Ave,375000,3,1,1757, Dallas,TX,75211
326,1728 W Red Bird Ln,395000,4,3,2582, Dallas,TX,75232
327,1337 Kingsley Dr,181900,3,2,1262, Dallas,TX,75216
328,13536 Vida Ln,210000,3,2,1441, Dallas,TX,75253
329,1402 Seevers Ave,389000,3,2,2101, Dallas,TX,75216
330,7036 Winchester St,475000,3,2,2089, Dallas,TX,75231
331,12618 Trenton Dr,375000,4,3,2463, Dallas,TX,75243
332,1415 Reynoldston Ln,187434,3,2,1602, Dallas,TX,75232
333,12710 Cove Dr,502985,4,4,3238, La Marque,TX,77568
334,2720 E Atoll Dr,225000,5,2,2500, Dallas,TX,75216
335,9835 Whistler Dr,275000,4,3,2482, Dallas,TX,75217
336,1627 Wilbur St,325000,3,2,1820, Dallas,TX,75224
337,1920 Oak Hill Cir,178374,4,2,1302, Dallas,TX,75217
338,10548 Wyatt St,499999,4,3,2522, Dallas,TX,75218
339,3408 Hammerly Dr,384900,3,3,2000, Dallas,TX,75212
340,10525 Channel Dr,299000,4,2,2151, Dallas,TX,75229
341,8648 Forest Hills Blvd,650000,3,3,1712, Dallas,TX,75218
342,6015 Sunny Crest Ln,180000,4,3,1578, Dallas,TX,75241
343,3531 Burlingdell Ave,319000,4,2,1720, Dallas,TX,75211
344,10211 Carry Back Cir,485000,3,3,2042, Dallas,TX,75229
345,3722 Ingersoll St,299900,4,2,1608, Dallas,TX,75212
346,11232 Lanewood Cir,435000,3,2,1653, Dallas,TX,75218
347,9747 E Lake Highlands Dr,395000,3,2,1500, Dallas,TX,75218
348,4242 Buena Vista St APT 17,240000,1,2,869, Dallas,TX,75205
349,7616 Texridge Dr,209000,3,2,1478, Dallas,TX,75232
350,1530 S Montreal Ave,327900,2,2,1122, Dallas,TX,75208
351,6926 Vivian Ave,549900,2,2,1444, Dallas,TX,75223
352,4444 Valley Ridge Rd,24000000,9,19,20000, Dallas,TX,75220
353,2427 Catherine St,329500,2,2,1322, Dallas,TX,75211
354,6882 Avalon Ave,829500,3,2,1804, Dallas,TX,75214
355,5505 Ellsworth Ave,729000,4,5,2811, Dallas,TX,75206
356,10619 Lakemere Dr,499900,3,2,1647, Dallas,TX,75238
357,818 Cordova St,650000,3,2,1814, Dallas,TX,75223
358,11727 Welch Rd,699000,3,3,2491, Dallas,TX,75229
359,4610 W Amherst Ave,1650000,5,6,4403, Dallas,TX,75209
360,6220 Bentwood Trl APT 206,175000,1,2,807, Dallas,TX,75252
361,2827 Curvilinear Ct,245000,4,2,2200, Dallas,TX,75227
362,132 W Woodin Blvd,275000,4,2,1800, Dallas,TX,75224
363,7311 Hardwood Trl,209900,3,2,1902, Dallas,TX,75249
364,3609 Patience Blvd,324990,4,2,2067, Dallas,TX,75236
365,2812 Alden Ave,375000,3,1,1757, Dallas,TX,75211
366,1728 W Red Bird Ln,395000,4,3,2582, Dallas,TX,75232
367,1337 Kingsley Dr,181900,3,2,1262, Dallas,TX,75216
368,13536 Vida Ln,210000,3,2,1441, Dallas,TX,75253
369,1402 Seevers Ave,389000,3,2,2101, Dallas,TX,75216
370,7036 Winchester St,475000,3,2,2089, Dallas,TX,75231
371,12618 Trenton Dr,375000,4,3,2463, Dallas,TX,75243
372,1415 Reynoldston Ln,187434,3,2,1602, Dallas,TX,75232
373,12710 Cove Dr,502985,4,4,3238, La Marque,TX,77568
374,2720 E Atoll Dr,225000,5,2,2500, Dallas,TX,75216
375,9835 Whistler Dr,275000,4,3,2482, Dallas,TX,75217
376,1627 Wilbur St,325000,3,2,1820, Dallas,TX,75224
377,1920 Oak Hill Cir,178374,4,2,1302, Dallas,TX,75217
378,10548 Wyatt St,499999,4,3,2522, Dallas,TX,75218
379,3408 Hammerly Dr,384900,3,3,2000, Dallas,TX,75212
380,10525 Channel Dr,299000,4,2,2151, Dallas,TX,75229
381,8648 Forest Hills Blvd,650000,3,3,1712, Dallas,TX,75218
382,6015 Sunny Crest Ln,180000,4,3,1578, Dallas,TX,75241
383,3531 Burlingdell Ave,319000,4,2,1720, Dallas,TX,75211
384,10211 Carry Back Cir,485000,3,3,2042, Dallas,TX,75229
385,3722 Ingersoll St,299900,4,2,1608, Dallas,TX,75212
386,11232 Lanewood Cir,435000,3,2,1653, Dallas,TX,75218
387,9747 E Lake Highlands Dr,395000,3,2,1500, Dallas,TX,75218
388,4242 Buena Vista St APT 17,240000,1,2,869, Dallas,TX,75205
389,7616 Texridge Dr,209000,3,2,1478, Dallas,TX,75232
390,1530 S Montreal Ave,327900,2,2,1122, Dallas,TX,75208
391,6926 Vivian Ave,549900,2,2,1444, Dallas,TX,75223
392,4444 Valley Ridge Rd,24000000,9,19,20000, Dallas,TX,75220
393,2427 Catherine St,329500,2,2,1322, Dallas,TX,75211
394,6882 Avalon Ave,829500,3,2,1804, Dallas,TX,75214
395,5505 Ellsworth Ave,729000,4,5,2811, Dallas,TX,75206
396,10619 Lakemere Dr,499900,3,2,1647, Dallas,TX,75238
397,818 Cordova St,650000,3,2,1814, Dallas,TX,75223
398,11727 Welch Rd,699000,3,3,2491, Dallas,TX,75229
399,4610 W Amherst Ave,1650000,5,6,4403, Dallas,TX,75209
400,6220 Bentwood Trl APT 206,175000,1,2,807, Dallas,TX,75252
401,2827 Curvilinear Ct,245000,4,2,2200, Dallas,TX,75227
402,132 W Woodin Blvd,275000,4,2,1800, Dallas,TX,75224
403,7311 Hardwood Trl,209900,3,2,1902, Dallas,TX,75249
404,3609 Patience Blvd,324990,4,2,2067, Dallas,TX,75236
405,2812 Alden Ave,375000,3,1,1757, Dallas,TX,75211
406,1728 W Red Bird Ln,395000,4,3,2582, Dallas,TX,75232
407,1337 Kingsley Dr,181900,3,2,1262, Dallas,TX,75216
408,13536 Vida Ln,210000,3,2,1441, Dallas,TX,75253
409,1402 Seevers Ave,389000,3,2,2101, Dallas,TX,75216
410,7036 Winchester St,475000,3,2,2089, Dallas,TX,75231
411,12618 Trenton Dr,375000,4,3,2463, Dallas,TX,75243
412,1415 Reynoldston Ln,187434,3,2,1602, Dallas,TX,75232
413,12710 Cove Dr,502985,4,4,3238, La Marque,TX,77568
414,2720 E Atoll Dr,225000,5,2,2500, Dallas,TX,75216
415,9835 Whistler Dr,275000,4,3,2482, Dallas,TX,75217
416,1627 Wilbur St,325000,3,2,1820, Dallas,TX,75224
417,1920 Oak Hill Cir,178374,4,2,1302, Dallas,TX,75217
418,10548 Wyatt St,499999,4,3,2522, Dallas,TX,75218
419,3408 Hammerly Dr,384900,3,3,2000, Dallas,TX,75212
420,10525 Channel Dr,299000,4,2,2151, Dallas,TX,75229
421,8648 Forest Hills Blvd,650000,3,3,1712, Dallas,TX,75218
422,6015 Sunny Crest Ln,180000,4,3,1578, Dallas,TX,75241
423,3531 Burlingdell Ave,319000,4,2,1720, Dallas,TX,75211
424,10211 Carry Back Cir,485000,3,3,2042, Dallas,TX,75229
425,3722 Ingersoll St,299900,4,2,1608, Dallas,TX,75212
426,11232 Lanewood Cir,435000,3,2,1653, Dallas,TX,75218
427,9747 E Lake Highlands Dr,395000,3,2,1500, Dallas,TX,75218
428,4242 Buena Vista St APT 17,240000,1,2,869, Dallas,TX,75205
429,7616 Texridge Dr,209000,3,2,1478, Dallas,TX,75232
430,1530 S Montreal Ave,327900,2,2,1122, Dallas,TX,75208
431,6926 Vivian Ave,549900,2,2,1444, Dallas,TX,75223
432,4444 Valley Ridge Rd,24000000,9,19,20000, Dallas,TX,75220
433,2427 Catherine St,329500,2,2,1322, Dallas,TX,75211
434,6882 Avalon Ave,829500,3,2,1804, Dallas,TX,75214
435,5505 Ellsworth Ave,729000,4,5,2811, Dallas,TX,75206
436,10619 Lakemere Dr,499900,3,2,1647, Dallas,TX,75238
437,818 Cordova St,650000,3,2,1814, Dallas,TX,75223
438,11727 Welch Rd,699000,3,3,2491, Dallas,TX,75229
439,4610 W Amherst Ave,1650000,5,6,4403, Dallas,TX,75209
440,6220 Bentwood Trl APT 206,175000,1,2,807, Dallas,TX,75252
441,2827 Curvilinear Ct,245000,4,2,2200, Dallas,TX,75227
442,132 W Woodin Blvd,275000,4,2,1800, Dallas,TX,75224
443,7311 Hardwood Trl,209900,3,2,1902, Dallas,TX,75249
444,3609 Patience Blvd,324990,4,2,2067, Dallas,TX,75236
445,2812 Alden Ave,375000,3,1,1757, Dallas,TX,75211
446,1728 W Red Bird Ln,395000,4,3,2582, Dallas,TX,75232
447,1337 Kingsley Dr,181900,3,2,1262, Dallas,TX,75216
448,13536 Vida Ln,210000,3,2,1441, Dallas,TX,75253
449,1402 Seevers Ave,389000,3,2,2101, Dallas,TX,75216
450,7036 Winchester St,475000,3,2,2089, Dallas,TX,75231
451,12618 Trenton Dr,375000,4,3,2463, Dallas,TX,75243
452,1415 Reynoldston Ln,187434,3,2,1602, Dallas,TX,75232
453,12710 Cove Dr,502985,4,4,3238, La Marque,TX,77568
454,2720 E Atoll Dr,225000,5,2,2500, Dallas,TX,75216
455,9835 Whistler Dr,275000,4,3,2482, Dallas,TX,75217
456,1627 Wilbur St,325000,3,2,1820, Dallas,TX,75224
457,1920 Oak Hill Cir,178374,4,2,1302, Dallas,TX,75217
458,10548 Wyatt St,499999,4,3,2522, Dallas,TX,75218
459,3408 Hammerly Dr,384900,3,3,2000, Dallas,TX,75212
460,10525 Channel Dr,299000,4,2,2151, Dallas,TX,75229
461,8648 Forest Hills Blvd,650000,3,3,1712, Dallas,TX,75218
462,6015 Sunny Crest Ln,180000,4,3,1578, Dallas,TX,75241
463,3531 Burlingdell Ave,319000,4,2,1720, Dallas,TX,75211
464,10211 Carry Back Cir,485000,3,3,2042, Dallas,TX,75229
465,3722 Ingersoll St,299900,4,2,1608, Dallas,TX,75212
466,11232 Lanewood Cir,435000,3,2,1653, Dallas,TX,75218
467,9747 E Lake Highlands Dr,395000,3,2,1500, Dallas,TX,75218
468,4242 Buena Vista St APT 17,240000,1,2,869, Dallas,TX,75205
469,7616 Texridge Dr,209000,3,2,1478, Dallas,TX,75232
470,1530 S Montreal Ave,327900,2,2,1122, Dallas,TX,75208
471,6926 Vivian Ave,549900,2,2,1444, Dallas,TX,75223
472,4444 Valley Ridge Rd,24000000,9,19,20000, Dallas,TX,75220
473,2427 Catherine St,329500,2,2,1322, Dallas,TX,75211
474,6882 Avalon Ave,829500,3,2,1804, Dallas,TX,75214
475,5505 Ellsworth Ave,729000,4,5,2811, Dallas,TX,75206
476,10619 Lakemere Dr,499900,3,2,1647, Dallas,TX,75238
477,818 Cordova St,650000,3,2,1814, Dallas,TX,75223
478,11727 Welch Rd,699000,3,3,2491, Dallas,TX,75229
479,4610 W Amherst Ave,1650000,5,6,4403, Dallas,TX,75209
480,6220 Bentwood Trl APT 206,175000,1,2,807, Dallas,TX,75252
481,2827 Curvilinear Ct,245000,4,2,2200, Dallas,TX,75227
482,132 W Woodin Blvd,275000,4,2,1800, Dallas,TX,75224
483,7311 Hardwood Trl,209900,3,2,1902, Dallas,TX,75249
484,3609 Patience Blvd,324990,4,2,2067, Dallas,TX,75236
485,2812 Alden Ave,375000,3,1,1757, Dallas,TX,75211
486,1728 W Red Bird Ln,395000,4,3,2582, Dallas,TX,75232
487,1337 Kingsley Dr,181900,3,2,1262, Dallas,TX,75216
488,13536 Vida Ln,210000,3,2,1441, Dallas,TX,75253
489,1402 Seevers Ave,389000,3,2,2101, Dallas,TX,75216
490,7036 Winchester St,475000,3,2,2089, Dallas,TX,75231
491,12618 Trenton Dr,375000,4,3,2463, Dallas,TX,75243
492,1415 Reynoldston Ln,187434,3,2,1602, Dallas,TX,75232
493,12710 Cove Dr,502985,4,4,3238, La Marque,TX,77568
494,2720 E Atoll Dr,225000,5,2,2500, Dallas,TX,75216
495,9835 Whistler Dr,275000,4,3,2482, Dallas,TX,75217
496,1627 Wilbur St,325000,3,2,1820, Dallas,TX,75224
497,1920 Oak Hill Cir,178374,4,2,1302, Dallas,TX,75217
498,10548 Wyatt St,499999,4,3,2522, Dallas,TX,75218
499,3408 Hammerly Dr,384900,3,3,2000, Dallas,TX,75212
500,10525 Channel Dr,299000,4,2,2151, Dallas,TX,75229
501,8648 Forest Hills Blvd,650000,3,3,1712, Dallas,TX,75218
502,6015 Sunny Crest Ln,180000,4,3,1578, Dallas,TX,75241
503,3531 Burlingdell Ave,319000,4,2,1720, Dallas,TX,75211
504,10211 Carry Back Cir,485000,3,3,2042, Dallas,TX,75229
505,3722 Ingersoll St,299900,4,2,1608, Dallas,TX,75212
506,11232 Lanewood Cir,435000,3,2,1653, Dallas,TX,75218
507,9747 E Lake Highlands Dr,395000,3,2,1500, Dallas,TX,75218
508,4242 Buena Vista St APT 17,240000,1,2,869, Dallas,TX,75205
509,7616 Texridge Dr,209000,3,2,1478, Dallas,TX,75232
510,1530 S Montreal Ave,327900,2,2,1122, Dallas,TX,75208
511,6926 Vivian Ave,549900,2,2,1444, Dallas,TX,75223
512,4444 Valley Ridge Rd,24000000,9,19,20000, Dallas,TX,75220
513,2427 Catherine St,329500,2,2,1322, Dallas,TX,75211
514,6882 Avalon Ave,829500,3,2,1804, Dallas,TX,75214
515,5505 Ellsworth Ave,729000,4,5,2811, Dallas,TX,75206
516,10619 Lakemere Dr,499900,3,2,1647, Dallas,TX,75238
517,818 Cordova St,650000,3,2,1814, Dallas,TX,75223
518,11727 Welch Rd,699000,3,3,2491, Dallas,TX,75229
519,4610 W Amherst Ave,1650000,5,6,4403, Dallas,TX,75209
520,6220 Bentwood Trl APT 206,175000,1,2,807, Dallas,TX,75252
521,2827 Curvilinear Ct,245000,4,2,2200, Dallas,TX,75227
522,132 W Woodin Blvd,275000,4,2,1800, Dallas,TX,75224
523,7311 Hardwood Trl,209900,3,2,1902, Dallas,TX,75249
524,3609 Patience Blvd,324990,4,2,2067, Dallas,TX,75236
525,2812 Alden Ave,375000,3,1,1757, Dallas,TX,75211
526,1728 W Red Bird Ln,395000,4,3,2582, Dallas,TX,75232
527,1337 Kingsley Dr,181900,3,2,1262, Dallas,TX,75216
528,13536 Vida Ln,210000,3,2,1441, Dallas,TX,75253
529,1402 Seevers Ave,389000,3,2,2101, Dallas,TX,75216
530,7036 Winchester St,475000,3,2,2089, Dallas,TX,75231
531,12618 Trenton Dr,375000,4,3,2463, Dallas,TX,75243
532,1415 Reynoldston Ln,187434,3,2,1602, Dallas,TX,75232
533,12710 Cove Dr,502985,4,4,3238, La Marque,TX,77568
534,2720 E Atoll Dr,225000,5,2,2500, Dallas,TX,75216
535,9835 Whistler Dr,275000,4,3,2482, Dallas,TX,75217
536,1627 Wilbur St,325000,3,2,1820, Dallas,TX,75224
537,1920 Oak Hill Cir,178374,4,2,1302, Dallas,TX,75217
538,10548 Wyatt St,499999,4,3,2522, Dallas,TX,75218
539,3408 Hammerly Dr,384900,3,3,2000, Dallas,TX,75212
540,10525 Channel Dr,299000,4,2,2151, Dallas,TX,75229
541,8648 Forest Hills Blvd,650000,3,3,1712, Dallas,TX,75218
542,6015 Sunny Crest Ln,180000,4,3,1578, Dallas,TX,75241
543,3531 Burlingdell Ave,319000,4,2,1720, Dallas,TX,75211
544,10211 Carry Back Cir,485000,3,3,2042, Dallas,TX,75229
545,3722 Ingersoll St,299900,4,2,1608, Dallas,TX,75212
546,11232 Lanewood Cir,435000,3,2,1653, Dallas,TX,75218
547,9747 E Lake Highlands Dr,395000,3,2,1500, Dallas,TX,75218
548,4242 Buena Vista St APT 17,240000,1,2,869, Dallas,TX,75205
549,7616 Texridge Dr,209000,3,2,1478, Dallas,TX,75232
550,1530 S Montreal Ave,327900,2,2,1122, Dallas,TX,75208
551,6926 Vivian Ave,549900,2,2,1444, Dallas,TX,75223
552,4444 Valley Ridge Rd,24000000,9,19,20000, Dallas,TX,75220
553,2427 Catherine St,329500,2,2,1322, Dallas,TX,75211
554,6882 Avalon Ave,829500,3,2,1804, Dallas,TX,75214
555,5505 Ellsworth Ave,729000,4,5,2811, Dallas,TX,75206
556,10619 Lakemere Dr,499900,3,2,1647, Dallas,TX,75238
557,818 Cordova St,650000,3,2,1814, Dallas,TX,75223
558,11727 Welch Rd,699000,3,3,2491, Dallas,TX,75229
559,4610 W Amherst Ave,1650000,5,6,4403, Dallas,TX,75209
560,6220 Bentwood Trl APT 206,175000,1,2,807, Dallas,TX,75252
561,2827 Curvilinear Ct,245000,4,2,2200, Dallas,TX,75227
562,132 W Woodin Blvd,275000,4,2,1800, Dallas,TX,75224
563,7311 Hardwood Trl,209900,3,2,1902, Dallas,TX,75249
564,3609 Patience Blvd,324990,4,2,2067, Dallas,TX,75236
565,2812 Alden Ave,375000,3,1,1757, Dallas,TX,75211
566,1728 W Red Bird Ln,395000,4,3,2582, Dallas,TX,75232
567,1337 Kingsley Dr,181900,3,2,1262, Dallas,TX,75216
568,13536 Vida Ln,210000,3,2,1441, Dallas,TX,75253
569,1402 Seevers Ave,389000,3,2,2101, Dallas,TX,75216
570,7036 Winchester St,475000,3,2,2089, Dallas,TX,75231
571,12618 Trenton Dr,375000,4,3,2463, Dallas,TX,75243
572,1415 Reynoldston Ln,187434,3,2,1602, Dallas,TX,75232
573,12710 Cove Dr,502985,4,4,3238, La Marque,TX,77568
574,2720 E Atoll Dr,225000,5,2,2500, Dallas,TX,75216
575,9835 Whistler Dr,275000,4,3,2482, Dallas,TX,75217
576,1627 Wilbur St,325000,3,2,1820, Dallas,TX,75224
577,1920 Oak Hill Cir,178374,4,2,1302, Dallas,TX,75217
578,10548 Wyatt St,499999,4,3,2522, Dallas,TX,75218
579,3408 Hammerly Dr,384900,3,3,2000, Dallas,TX,75212
580,10525 Channel Dr,299000,4,2,2151, Dallas,TX,75229
581,8648 Forest Hills Blvd,650000,3,3,1712, Dallas,TX,75218
582,6015 Sunny Crest Ln,180000,4,3,1578, Dallas,TX,75241
583,3531 Burlingdell Ave,319000,4,2,1720, Dallas,TX,75211
584,10211 Carry Back Cir,485000,3,3,2042, Dallas,TX,75229
585,3722 Ingersoll St,299900,4,2,1608, Dallas,TX,75212
586,11232 Lanewood Cir,435000,3,2,1653, Dallas,TX,75218
587,9747 E Lake Highlands Dr,395000,3,2,1500, Dallas,TX,75218
588,4242 Buena Vista St APT 17,240000,1,2,869, Dallas,TX,75205
589,7616 Texridge Dr,209000,3,2,1478, Dallas,TX,75232
590,1530 S Montreal Ave,327900,2,2,1122, Dallas,TX,75208
591,6926 Vivian Ave,549900,2,2,1444, Dallas,TX,75223
592,4444 Valley Ridge Rd,24000000,9,19,20000, Dallas,TX,75220
593,2427 Catherine St,329500,2,2,1322, Dallas,TX,75211
594,6882 Avalon Ave,829500,3,2,1804, Dallas,TX,75214
595,5505 Ellsworth Ave,729000,4,5,2811, Dallas,TX,75206
596,10619 Lakemere Dr,499900,3,2,1647, Dallas,TX,75238
597,818 Cordova St,650000,3,2,1814, Dallas,TX,75223
598,11727 Welch Rd,699000,3,3,2491, Dallas,TX,75229
599,4610 W Amherst Ave,1650000,5,6,4403, Dallas,TX,75209
600,6220 Bentwood Trl APT 206,175000,1,2,807, Dallas,TX,75252
601,2827 Curvilinear Ct,245000,4,2,2200, Dallas,TX,75227
602,132 W Woodin Blvd,275000,4,2,1800, Dallas,TX,75224
603,7311 Hardwood Trl,209900,3,2,1902, Dallas,TX,75249
604,3609 Patience Blvd,324990,4,2,2067, Dallas,TX,75236
605,2812 Alden Ave,375000,3,1,1757, Dallas,TX,75211
606,1728 W Red Bird Ln,395000,4,3,2582, Dallas,TX,75232
607,1337 Kingsley Dr,181900,3,2,1262, Dallas,TX,75216
608,13536 Vida Ln,210000,3,2,1441, Dallas,TX,75253
609,1402 Seevers Ave,389000,3,2,2101, Dallas,TX,75216
610,7036 Winchester St,475000,3,2,2089, Dallas,TX,75231
611,12618 Trenton Dr,375000,4,3,2463, Dallas,TX,75243
612,1415 Reynoldston Ln,187434,3,2,1602, Dallas,TX,75232
613,12710 Cove Dr,502985,4,4,3238, La Marque,TX,77568
614,2720 E Atoll Dr,225000,5,2,2500, Dallas,TX,75216
615,9835 Whistler Dr,275000,4,3,2482, Dallas,TX,75217
616,1627 Wilbur St,325000,3,2,1820, Dallas,TX,75224
617,1920 Oak Hill Cir,178374,4,2,1302, Dallas,TX,75217
618,10548 Wyatt St,499999,4,3,2522, Dallas,TX,75218
619,3408 Hammerly Dr,384900,3,3,2000, Dallas,TX,75212
620,10525 Channel Dr,299000,4,2,2151, Dallas,TX,75229
621,8648 Forest Hills Blvd,650000,3,3,1712, Dallas,TX,75218
622,6015 Sunny Crest Ln,180000,4,3,1578, Dallas,TX,75241
623,3531 Burlingdell Ave,319000,4,2,1720, Dallas,TX,75211
624,10211 Carry Back Cir,485000,3,3,2042, Dallas,TX,75229
625,3722 Ingersoll St,299900,4,2,1608, Dallas,TX,75212
626,11232 Lanewood Cir,435000,3,2,1653, Dallas,TX,75218
627,9747 E Lake Highlands Dr,395000,3,2,1500, Dallas,TX,75218
628,4242 Buena Vista St APT 17,240000,1,2,869, Dallas,TX,75205
629,7616 Texridge Dr,209000,3,2,1478, Dallas,TX,75232
630,1530 S Montreal Ave,327900,2,2,1122, Dallas,TX,75208
631,6926 Vivian Ave,549900,2,2,1444, Dallas,TX,75223
632,4444 Valley Ridge Rd,24000000,9,19,20000, Dallas,TX,75220
633,2427 Catherine St,329500,2,2,1322, Dallas,TX,75211
634,6882 Avalon Ave,829500,3,2,1804, Dallas,TX,75214
635,5505 Ellsworth Ave,729000,4,5,2811, Dallas,TX,75206
636,10619 Lakemere Dr,499900,3,2,1647, Dallas,TX,75238
637,818 Cordova St,650000,3,2,1814, Dallas,TX,75223
638,11727 Welch Rd,699000,3,3,2491, Dallas,TX,75229
639,4610 W Amherst Ave,1650000,5,6,4403, Dallas,TX,75209
640,6220 Bentwood Trl APT 206,175000,1,2,807, Dallas,TX,75252
641,2827 Curvilinear Ct,245000,4,2,2200, Dallas,TX,75227
642,132 W Woodin Blvd,275000,4,2,1800, Dallas,TX,75224
643,7311 Hardwood Trl,209900,3,2,1902, Dallas,TX,75249
644,3609 Patience Blvd,324990,4,2,2067, Dallas,TX,75236
645,2812 Alden Ave,375000,3,1,1757, Dallas,TX,75211
646,1728 W Red Bird Ln,395000,4,3,2582, Dallas,TX,75232
647,1337 Kingsley Dr,181900,3,2,1262, Dallas,TX,75216
648,13536 Vida Ln,210000,3,2,1441, Dallas,TX,75253
649,1402 Seevers Ave,389000,3,2,2101, Dallas,TX,75216
650,7036 Winchester St,475000,3,2,2089, Dallas,TX,75231
651,12618 Trenton Dr,375000,4,3,2463, Dallas,TX,75243
652,1415 Reynoldston Ln,187434,3,2,1602, Dallas,TX,75232
653,12710 Cove Dr,502985,4,4,3238, La Marque,TX,77568
654,2720 E Atoll Dr,225000,5,2,2500, Dallas,TX,75216
655,9835 Whistler Dr,275000,4,3,2482, Dallas,TX,75217
656,1627 Wilbur St,325000,3,2,1820, Dallas,TX,75224
657,1920 Oak Hill Cir,178374,4,2,1302, Dallas,TX,75217
658,10548 Wyatt St,499999,4,3,2522, Dallas,TX,75218
659,3408 Hammerly Dr,384900,3,3,2000, Dallas,TX,75212
660,10525 Channel Dr,299000,4,2,2151, Dallas,TX,75229
661,8648 Forest Hills Blvd,650000,3,3,1712, Dallas,TX,75218
662,6015 Sunny Crest Ln,180000,4,3,1578, Dallas,TX,75241
663,3531 Burlingdell Ave,319000,4,2,1720, Dallas,TX,75211
664,10211 Carry Back Cir,485000,3,3,2042, Dallas,TX,75229
665,3722 Ingersoll St,299900,4,2,1608, Dallas,TX,75212
666,11232 Lanewood Cir,435000,3,2,1653, Dallas,TX,75218
667,9747 E Lake Highlands Dr,395000,3,2,1500, Dallas,TX,75218
668,4242 Buena Vista St APT 17,240000,1,2,869, Dallas,TX,75205
669,7616 Texridge Dr,209000,3,2,1478, Dallas,TX,75232
670,1530 S Montreal Ave,327900,2,2,1122, Dallas,TX,75208
671,6926 Vivian Ave,549900,2,2,1444, Dallas,TX,75223
672,4444 Valley Ridge Rd,24000000,9,19,20000, Dallas,TX,75220
673,2427 Catherine St,329500,2,2,1322, Dallas,TX,75211
674,6882 Avalon Ave,829500,3,2,1804, Dallas,TX,75214
675,5505 Ellsworth Ave,729000,4,5,2811, Dallas,TX,75206
676,10619 Lakemere Dr,499900,3,2,1647, Dallas,TX,75238
677,818 Cordova St,650000,3,2,1814, Dallas,TX,75223
678,11727 Welch Rd,699000,3,3,2491, Dallas,TX,75229
679,4610 W Amherst Ave,1650000,5,6,4403, Dallas,TX,75209
680,6220 Bentwood Trl APT 206,175000,1,2,807, Dallas,TX,75252
681,2827 Curvilinear Ct,245000,4,2,2200, Dallas,TX,75227
682,132 W Woodin Blvd,275000,4,2,1800, Dallas,TX,75224
683,7311 Hardwood Trl,209900,3,2,1902, Dallas,TX,75249
684,3609 Patience Blvd,324990,4,2,2067, Dallas,TX,75236
685,2812 Alden Ave,375000,3,1,1757, Dallas,TX,75211
686,1728 W Red Bird Ln,395000,4,3,2582, Dallas,TX,75232
687,1337 Kingsley Dr,181900,3,2,1262, Dallas,TX,75216
688,13536 Vida Ln,210000,3,2,1441, Dallas,TX,75253
689,1402 Seevers Ave,389000,3,2,2101, Dallas,TX,75216
690,7036 Winchester St,475000,3,2,2089, Dallas,TX,75231
691,12618 Trenton Dr,375000,4,3,2463, Dallas,TX,75243
692,1415 Reynoldston Ln,187434,3,2,1602, Dallas,TX,75232
693,12710 Cove Dr,502985,4,4,3238, La Marque,TX,77568
694,2720 E Atoll Dr,225000,5,2,2500, Dallas,TX,75216
695,9835 Whistler Dr,275000,4,3,2482, Dallas,TX,75217
696,1627 Wilbur St,325000,3,2,1820, Dallas,TX,75224
697,1920 Oak Hill Cir,178374,4,2,1302, Dallas,TX,75217
698,10548 Wyatt St,499999,4,3,2522, Dallas,TX,75218
699,3408 Hammerly Dr,384900,3,3,2000, Dallas,TX,75212
700,10525 Channel Dr,299000,4,2,2151, Dallas,TX,75229
701,8648 Forest Hills Blvd,650000,3,3,1712, Dallas,TX,75218
702,6015 Sunny Crest Ln,180000,4,3,1578, Dallas,TX,75241
703,3531 Burlingdell Ave,319000,4,2,1720, Dallas,TX,75211
704,10211 Carry Back Cir,485000,3,3,2042, Dallas,TX,75229
705,3722 Ingersoll St,299900,4,2,1608, Dallas,TX,75212
706,11232 Lanewood Cir,435000,3,2,1653, Dallas,TX,75218
707,9747 E Lake Highlands Dr,395000,3,2,1500, Dallas,TX,75218
708,4242 Buena Vista St APT 17,240000,1,2,869, Dallas,TX,75205
709,7616 Texridge Dr,209000,3,2,1478, Dallas,TX,75232
710,1530 S Montreal Ave,327900,2,2,1122, Dallas,TX,75208
711,6926 Vivian Ave,549900,2,2,1444, Dallas,TX,75223
712,4444 Valley Ridge Rd,24000000,9,19,20000, Dallas,TX,75220
713,2427 Catherine St,329500,2,2,1322, Dallas,TX,75211
714,6882 Avalon Ave,829500,3,2,1804, Dallas,TX,75214
715,5505 Ellsworth Ave,729000,4,5,2811, Dallas,TX,75206
716,10619 Lakemere Dr,499900,3,2,1647, Dallas,TX,75238
717,818 Cordova St,650000,3,2,1814, Dallas,TX,75223
718,11727 Welch Rd,699000,3,3,2491, Dallas,TX,75229
719,4610 W Amherst Ave,1650000,5,6,4403, Dallas,TX,75209
720,6220 Bentwood Trl APT 206,175000,1,2,807, Dallas,TX,75252
721,2827 Curvilinear Ct,245000,4,2,2200, Dallas,TX,75227
722,132 W Woodin Blvd,275000,4,2,1800, Dallas,TX,75224
723,7311 Hardwood Trl,209900,3,2,1902, Dallas,TX,75249
724,3609 Patience Blvd,324990,4,2,2067, Dallas,TX,75236
725,2812 Alden Ave,375000,3,1,1757, Dallas,TX,75211
726,1728 W Red Bird Ln,395000,4,3,2582, Dallas,TX,75232
727,1337 Kingsley Dr,181900,3,2,1262, Dallas,TX,75216
728,13536 Vida Ln,210000,3,2,1441, Dallas,TX,75253
729,1402 Seevers Ave,389000,3,2,2101, Dallas,TX,75216
730,7036 Winchester St,475000,3,2,2089, Dallas,TX,75231
731,12618 Trenton Dr,375000,4,3,2463, Dallas,TX,75243
732,1415 Reynoldston Ln,187434,3,2,1602, Dallas,TX,75232
733,12710 Cove Dr,502985,4,4,3238, La Marque,TX,77568
734,2720 E Atoll Dr,225000,5,2,2500, Dallas,TX,75216
735,9835 Whistler Dr,275000,4,3,2482, Dallas,TX,75217
736,1627 Wilbur St,325000,3,2,1820, Dallas,TX,75224
737,1920 Oak Hill Cir,178374,4,2,1302, Dallas,TX,75217
738,10548 Wyatt St,499999,4,3,2522, Dallas,TX,75218
739,3408 Hammerly Dr,384900,3,3,2000, Dallas,TX,75212
740,10525 Channel Dr,299000,4,2,2151, Dallas,TX,75229
741,8648 Forest Hills Blvd,650000,3,3,1712, Dallas,TX,75218
742,6015 Sunny Crest Ln,180000,4,3,1578, Dallas,TX,75241
743,3531 Burlingdell Ave,319000,4,2,1720, Dallas,TX,75211
744,10211 Carry Back Cir,485000,3,3,2042, Dallas,TX,75229
745,3722 Ingersoll St,299900,4,2,1608, Dallas,TX,75212
746,11232 Lanewood Cir,435000,3,2,1653, Dallas,TX,75218
747,9747 E Lake Highlands Dr,395000,3,2,1500, Dallas,TX,75218
748,4242 Buena Vista St APT 17,240000,1,2,869, Dallas,TX,75205
749,7616 Texridge Dr,209000,3,2,1478, Dallas,TX,75232
750,1530 S Montreal Ave,327900,2,2,1122, Dallas,TX,75208
751,6926 Vivian Ave,549900,2,2,1444, Dallas,TX,75223
752,4444 Valley Ridge Rd,24000000,9,19,20000, Dallas,TX,75220
753,2427 Catherine St,329500,2,2,1322, Dallas,TX,75211
754,6882 Avalon Ave,829500,3,2,1804, Dallas,TX,75214
755,5505 Ellsworth Ave,729000,4,5,2811, Dallas,TX,75206
756,10619 Lakemere Dr,499900,3,2,1647, Dallas,TX,75238
757,818 Cordova St,650000,3,2,1814, Dallas,TX,75223
758,11727 Welch Rd,699000,3,3,2491, Dallas,TX,75229
759,4610 W Amherst Ave,1650000,5,6,4403, Dallas,TX,75209
